userId,movieId,rating,timestamp
1,15,3.5,1760524892
1,4,1.5,1755865573
1,95,1.5,1756217021
1,36,3.5,1757801772
1,32,1.0,1754531825
1,29,5.0,1760145460
1,18,4.0,1760917648
1,14,5.0,1757320980
1,87,3.5,1752553334
1,70,2.5,1761072754
1,12,1.0,1758416197
1,76,3.0,1760901008
1,55,2.5,1760545173
1,5,4.0,1757576072
1,99,4.5,1756118827
1,90,2.0,1756029089
1,28,3.5,1758724751
1,30,3.0,1761041760
1,65,2.0,1753278315
1,78,2.5,1759498257
1,86,4.5,1755873490
1,72,3.0,1752895629
1,26,2.5,1756799134
1,91,1.0,1758396907
1,54,1.0,1756947272
1,98,4.0,1757747749
1,58,1.5,1758699991
1,97,3.5,1758672414
1,1,4.5,1755602094
1,21,4.5,1759842708
1,88,3.0,1759897087
1,44,2.5,1752821501
1,73,5.0,1757831623
1,20,4.0,1752449638
1,84,4.0,1756166403
2,18,5.0,1757763112
2,66,3.5,1760368161
2,64,3.0,1754945545
2,12,2.0,1754627475
2,7,1.0,1757820761
2,15,5.0,1759242414
2,20,5.0,1760454418
2,81,3.0,1753722526
2,21,2.5,1759675478
2,88,3.5,1759529352
2,55,5.0,1753341837
2,77,1.0,1756801259
2,9,4.5,1761912930
2,50,1.5,1756149889
2,49,3.0,1758222352
2,89,1.0,1758198541
2,60,1.5,1760802669
2,68,4.5,1761078502
2,33,5.0,1760129784
2,71,2.0,1754265780
2,2,5.0,1759469325
2,95,3.0,1753386798
3,55,5.0,1758246640
3,28,3.0,1754095792
3,70,2.5,1753192851
3,97,2.0,1752659182
3,94,4.5,1758162878
3,89,4.5,1755410363
3,26,2.5,1760657171
3,92,1.5,1755007857
3,40,3.5,1755133225
3,52,4.0,1754404322
3,86,1.0,1760588518
3,84,1.0,1755484831
3,48,3.5,1760406465
3,57,2.5,1759025347
3,67,2.5,1753242314
3,58,4.5,1759887827
3,16,4.0,1759161277
3,32,3.0,1754478084
3,29,2.5,1760974947
3,9,4.5,1753006769
3,44,1.5,1761390964
3,3,5.0,1761992100
3,76,1.5,1758273906
3,71,2.0,1755421199
3,30,4.5,1754163841
3,82,2.5,1755511356
3,1,1.0,1759477543
3,10,4.0,1762203534
3,8,4.0,1757790327
3,78,4.5,1757454008
3,81,4.0,1752915450
3,5,4.5,1759642636
3,43,2.5,1757261764
3,73,2.5,1761258509
4,95,2.5,1757783423
4,70,4.0,1760043922
4,8,3.0,1754568740
4,96,3.5,1761022624
4,41,1.0,1754550940
4,98,1.5,1761010585
4,7,5.0,1758663560
4,75,5.0,1757790371
4,62,2.0,1756384299
4,65,1.5,1758141283
4,68,3.5,1757458400
4,21,2.0,1754888178
4,100,5.0,1757164300
4,66,5.0,1762108446
4,11,5.0,1757216954
4,24,1.5,1759986664
4,9,3.0,1760303124
4,77,1.5,1752958143
4,84,2.0,1757670451
4,31,3.0,1758705916
4,52,3.5,1758823899
4,16,3.0,1753760339
4,73,4.5,1758026580
4,32,1.0,1760691184
4,93,4.0,1757597772
4,6,1.0,1762180209
4,86,3.5,1760044906
4,54,3.0,1759528800
4,67,4.5,1752984034
4,97,4.0,1752829240
4,34,1.0,1760362763
4,27,1.5,1759738980
4,71,5.0,1761635244
5,75,3.5,1755332295
5,71,2.5,1757763438
5,19,2.0,1760426152
5,56,4.0,1761590004
5,17,4.5,1758507877
5,6,2.5,1754517089
5,40,3.5,1757119442
5,47,2.5,1758499659
5,95,1.0,1758999515
5,46,4.0,1756732374
5,27,3.0,1761075009
5,88,3.0,1756348441
5,32,5.0,1755534205
5,86,5.0,1756683923
5,14,1.0,1760304582
5,91,3.0,1759243825
5,72,3.0,1761597846
5,53,1.5,1754948925
5,80,3.5,1756977063
5,20,4.0,1753659440
5,31,1.5,1755777189
5,21,2.5,1757966161
5,23,1.0,1754923864
5,83,1.0,1753516880
5,4,5.0,1758933995
5,78,3.5,1755003726
6,86,2.5,1755185777
6,43,4.0,1759320001
6,80,3.0,1755426885
6,41,5.0,1762232885
6,85,3.0,1757426082
6,16,2.5,1755027369
6,93,3.5,1754438488
6,39,4.5,1754821485
6,65,2.5,1753663619
6,40,4.5,1759392746
6,53,1.5,1757478550
6,42,5.0,1756616170
6,52,1.5,1758299254
6,90,3.0,1758470851
6,38,2.5,1759767506
6,71,1.0,1761464358
6,17,2.5,1754268230
7,99,5.0,1754758507
7,10,2.0,1754275980
7,59,4.5,1757891183
7,54,2.5,1757587183
7,81,5.0,1754109507
7,74,2.5,1757632715
7,25,4.5,1760939741
7,92,3.0,1758305546
7,90,3.0,1756605109
7,50,3.5,1753177445
7,64,1.5,1759918164
7,52,2.0,1758359772
7,32,4.0,1759676049
7,19,2.5,1761162114
7,84,4.0,1755401313
7,1,3.5,1753136191
7,14,4.5,1755264161
7,55,1.0,1758769590
7,29,4.0,1755705359
7,23,1.0,1752581214
7,67,4.0,1754237303
7,60,1.0,1756338162
7,7,3.0,1755696805
7,72,4.0,1753209853
7,88,5.0,1758539670
7,16,4.5,1758558411
7,98,3.0,1754927581
7,18,4.5,1761752740
7,79,4.0,1756600378
7,68,4.0,1759470704
7,41,4.5,1760098456
7,57,5.0,1761787274
7,65,4.0,1752309383
7,83,1.0,1760831291
8,55,4.5,1757940640
8,18,3.5,1759424661
8,60,1.5,1759492161
8,24,3.0,1760426099
8,7,1.0,1757005921
8,34,4.0,1755584938
8,49,2.5,1760964686
8,42,2.5,1760530075
8,28,3.0,1760208729
8,59,1.0,1756414583
8,93,5.0,1755052705
8,44,3.5,1761082793
8,94,5.0,1756514786
8,36,1.0,1755192279
8,54,4.5,1760469047
8,33,4.0,1756163189
8,11,4.5,1759672930
8,61,4.0,1759284608
8,3,5.0,1757708465
8,70,5.0,1754127953
8,96,4.5,1754931968
8,45,3.0,1756832322
8,29,2.5,1760785733
8,9,3.0,1754676493
8,6,2.5,1754443181
8,4,4.0,1756595897
8,32,1.0,1753946609
8,26,3.5,1759188929
8,82,4.5,1758680915
8,20,3.5,1757905261
8,31,3.5,1757547805
8,17,3.0,1752915069
8,83,1.0,1753572129
8,15,2.5,1760803348
8,92,2.5,1755420963
9,72,2.5,1760215426
9,98,2.5,1756945679
9,31,1.5,1753249390
9,89,2.0,1759026171
9,61,2.5,1754116191
9,83,3.0,1752348069
9,92,5.0,1757491765
9,63,1.5,1758982943
9,58,3.0,1758423161
9,3,3.5,1759229166
9,12,3.0,1762002325
9,38,5.0,1760115986
9,29,3.0,1761476069
9,52,1.0,1752955873
9,32,3.0,1760121077
9,40,4.5,1760518560
9,75,1.0,1752608496
9,48,3.0,1754364522
9,96,4.5,1754849855
9,71,3.5,1759146586
9,68,1.0,1758003811
9,45,4.5,1760325631
9,55,1.5,1755516940
9,81,4.5,1760996803
9,43,1.0,1759694139
9,46,2.0,1752796814
9,59,3.0,1760810597
9,35,2.5,1760252408
9,85,5.0,1755257454
9,33,2.5,1753472383
10,58,3.0,1761692090
10,57,2.5,1757406098
10,39,3.0,1754622314
10,76,1.5,1758323494
10,55,3.0,1752344668
10,40,2.5,1755107047
10,73,1.5,1753103455
10,80,2.5,1759740068
10,8,3.0,1759853367
10,79,1.5,1761239135
10,13,2.0,1757078826
10,27,3.0,1754871923
10,81,1.5,1754376248
10,28,3.0,1755486723
10,34,3.0,1753843166
10,85,5.0,1753955186
10,11,4.5,1760890105
10,21,1.0,1754991457
10,31,3.5,1758039219
10,23,1.0,1760707485
10,71,2.5,1752589456
10,10,1.0,1757718051
10,83,1.0,1759300483
10,1,4.5,1753532927
10,53,4.5,1757573003
10,100,2.0,1752419494
10,61,4.0,1753989906
11,61,1.5,1756962973
11,45,3.0,1756816061
11,53,1.5,1755458763
11,43,5.0,1762220384
11,42,5.0,1754489019
11,86,4.0,1761330302
11,14,2.5,1753541726
11,21,3.5,1753876369
11,89,4.5,1761373794
11,64,2.5,1757759235
11,37,5.0,1760041658
11,85,3.0,1754889327
11,52,4.5,1760202504
11,98,1.0,1758224950
11,71,2.0,1757026173
11,5,5.0,1762010276
11,59,5.0,1755394748
12,29,5.0,1759813006
12,15,4.0,1759041784
12,60,5.0,1759949466
12,16,1.5,1757605033
12,83,4.0,1756537535
12,20,5.0,1757757282
12,64,1.0,1757494445
12,92,3.0,1752392515
12,38,4.5,1759746678
12,66,4.5,1753203813
12,91,4.5,1756449477
12,35,3.5,1752980058
12,54,5.0,1755911161
12,62,4.5,1756841167
12,61,2.5,1758233203
12,32,4.0,1758321168
12,59,4.0,1761507415
13,96,3.0,1756559581
13,61,4.0,1760892228
13,91,3.5,1753286999
13,49,4.0,1756927003
13,50,4.5,1753162953
13,85,1.0,1761091786
13,84,2.5,1757418276
13,20,2.5,1760723382
13,64,4.0,1760588094
13,5,1.5,1754796005
13,17,2.0,1757215488
13,65,1.0,1761468095
13,76,3.5,1761298171
13,43,3.0,1756225679
13,13,3.5,1755013970
13,57,2.0,1758142742
13,86,5.0,1755326614
13,68,2.0,1759387843
13,59,2.0,1760914826
13,2,4.0,1758199242
13,19,4.5,1752455942
13,53,2.0,1758344220
13,93,4.5,1757978663
13,10,4.5,1757956024
13,99,1.0,1754434041
14,87,3.0,1761871610
14,70,4.0,1757634679
14,21,1.0,1752744982
14,10,1.0,1753905995
14,57,3.0,1758378950
14,45,3.5,1758565409
14,76,2.5,1758034876
14,39,2.0,1760609555
14,82,1.0,1757056662
14,55,4.5,1761679932
14,89,3.5,1760034971
14,33,1.5,1757288564
14,59,3.5,1755268710
14,93,2.0,1758870918
14,26,2.0,1753189935
14,50,3.5,1753333471
14,62,5.0,1757667445
14,14,2.0,1757928453
14,31,4.5,1757288044
14,49,3.5,1760307468
14,74,4.5,1760976382
14,46,2.0,1758454509
14,80,4.0,1752889541
14,38,3.5,1760724665
15,51,5.0,1755207915
15,2,2.0,1755279088
15,34,1.5,1754029815
15,69,4.0,1757546435
15,16,1.0,1756023234
15,59,2.5,1754800962
15,48,4.5,1758278383
15,87,3.5,1760572802
15,93,3.5,1753105074
15,98,3.5,1761223834
15,75,4.0,1757611173
15,49,2.5,1760190196
15,82,4.5,1760701671
15,94,2.5,1761881377
15,14,1.0,1756644340
15,30,2.5,1760127043
15,61,2.5,1761088608
15,4,5.0,1758764172
15,80,2.5,1758330626
15,72,3.5,1759764147
15,42,1.0,1757587796
15,79,2.0,1760058789
15,29,5.0,1758034416
15,9,2.0,1760395437
15,60,1.0,1760028404
15,39,1.0,1756229387
15,53,2.5,1752360383
15,15,3.5,1761974933
15,18,2.0,1757787567
15,6,1.0,1760113040
15,5,4.0,1753413445
15,90,1.5,1761173369
15,64,4.5,1754718885
15,73,3.5,1753628991
15,13,1.5,1754656303
15,31,5.0,1758522707
15,81,1.0,1753491196
15,25,3.0,1754555017
15,85,1.0,1761219215
15,24,4.5,1755501676
16,88,2.5,1755024319
16,14,4.5,1758406209
16,63,4.0,1756553367
16,92,4.5,1755550113
16,57,4.0,1760644420
16,10,3.5,1755079784
16,11,3.5,1757963354
16,42,3.5,1759678839
16,78,4.5,1761113385
16,19,1.5,1760807519
16,9,1.5,1754994010
16,17,1.5,1755987719
16,36,2.0,1752905343
16,80,1.0,1752400444
16,82,5.0,1752816212
16,75,3.5,1760188995
16,71,4.0,1756307304
16,93,4.0,1761376574
16,49,3.0,1756997673
16,77,3.5,1760501566
16,68,5.0,1758670531
16,38,2.0,1754149900
16,59,2.5,1760424092
16,65,3.5,1752907109
16,56,3.5,1760312240
16,13,3.0,1752607896
16,15,2.5,1755040384
16,84,5.0,1752899152
17,78,1.5,1759859434
17,85,1.0,1760700257
17,89,5.0,1758630365
17,35,4.0,1755196075
17,4,4.5,1756520410
17,24,2.0,1756031235
17,90,3.0,1756797454
17,98,1.5,1761357066
17,40,2.0,1759598796
17,44,1.0,1760870985
17,45,3.0,1754805493
17,1,4.0,1754091644
17,19,4.5,1755290845
17,73,3.0,1758623048
17,52,5.0,1760330155
18,56,4.0,1759292026
18,15,2.0,1755860873
18,37,5.0,1758379078
18,87,5.0,1752865870
18,97,3.5,1761030469
18,76,4.0,1761529981
18,63,4.0,1761925265
18,68,4.5,1760933378
18,86,3.5,1752580060
18,40,4.0,1752619645
18,6,4.0,1755231954
18,29,3.0,1760307407
18,51,4.0,1761889781
18,77,3.5,1759356142
18,8,4.5,1756168815
18,1,1.5,1754912888
18,27,1.5,1758157522
18,39,4.0,1752360075
18,28,4.0,1753449063
18,18,1.5,1755599832
18,33,3.0,1756543608
18,38,2.5,1756651731
18,42,2.0,1760958262
18,16,5.0,1760326646
18,85,5.0,1753684120
18,64,2.5,1756378151
19,94,4.5,1754820675
19,83,3.0,1757631436
19,19,1.0,1756335085
19,31,5.0,1760994983
19,14,3.0,1754492942
19,98,4.5,1761608751
19,33,1.0,1756053305
19,26,3.0,1760952363
19,23,1.5,1752272690
19,78,5.0,1755789150
19,20,4.5,1752503384
19,84,5.0,1761551449
19,10,4.5,1752648888
19,92,2.5,1756845372
19,81,4.5,1753828148
19,64,2.0,1761201627
19,60,4.5,1760503222
19,73,3.5,1760824887
19,75,5.0,1759344637
19,58,1.0,1758083246
19,99,4.5,1754867421
19,42,5.0,1753469439
19,41,2.0,1756134501
19,90,3.5,1757493529
19,57,4.0,1755381683
19,9,3.5,1761361148
20,81,3.5,1754081423
20,83,2.5,1758438934
20,43,2.0,1759640147
20,9,1.5,1757277128
20,98,1.5,1753722076
20,13,5.0,1753405961
20,72,1.0,1756589727
20,87,2.0,1755919385
20,50,2.0,1759517639
20,37,2.0,1759462409
20,33,4.5,1761506658
20,85,4.0,1756127766
20,78,2.5,1754787278
20,20,3.0,1754707934
20,96,2.5,1753280475
20,11,2.5,1757047686
20,75,4.5,1758984644
20,19,3.5,1752669646
20,45,4.5,1754493991
20,40,3.0,1755832939
20,51,5.0,1753390389
20,17,4.0,1759520811
20,77,2.5,1759917753
20,89,3.0,1761364264
20,100,4.5,1756011790
20,94,5.0,1760518525
20,49,5.0,1760147950
20,86,3.0,1760832504
20,79,2.0,1757663017
20,68,4.5,1753627066
20,12,2.0,1754900124
20,55,1.5,1758514516
20,66,4.5,1756374631
20,47,1.0,1755278880
20,3,1.0,1755588302
20,67,5.0,1755965663
20,76,2.5,1755760903
20,70,1.5,1755949705
20,61,2.5,1761766787
20,14,3.5,1760577357
21,84,2.0,1757352962
21,43,4.0,1762213450
21,19,3.5,1758203697
21,18,4.0,1759097090
21,5,1.5,1753457082
21,37,3.5,1761104225
21,61,5.0,1753111515
21,90,5.0,1753723202
21,97,5.0,1761898542
21,91,4.0,1754352138
21,94,1.0,1755748904
21,58,3.5,1757984150
21,79,1.0,1756248654
21,1,1.5,1756454870
21,11,2.5,1760500504
21,3,3.5,1760001454
21,33,1.0,1756329098
21,28,5.0,1756559815
21,20,2.0,1754444617
21,71,4.5,1759181578
21,78,2.0,1761181044
21,68,4.5,1761619210
21,55,3.0,1758857560
21,15,1.0,1758893147
21,95,1.0,1756944876
21,31,3.0,1753592994
21,39,4.0,1753129152
21,16,4.5,1757989796
21,7,1.0,1759033512
21,75,3.0,1756250663
21,54,1.0,1756670923
21,59,3.0,1760151351
21,9,3.5,1754908868
21,77,4.0,1754862139
21,64,4.0,1756551605
21,85,2.0,1753914787
21,81,4.5,1756076637
22,67,4.5,1761655866
22,35,2.0,1761111707
22,11,2.5,1756093724
22,94,3.5,1755816465
22,55,1.0,1759665430
22,98,4.5,1756015944
22,56,3.5,1754791630
22,78,1.5,1752610886
22,24,2.0,1753356833
22,70,3.5,1755561792
22,38,3.5,1757564057
22,42,2.5,1760336344
22,14,1.0,1759118327
22,95,4.5,1753553371
22,89,4.0,1752816391
22,85,1.5,1757847812
22,90,3.0,1754752475
22,40,2.5,1757448511
22,58,4.5,1758881260
22,93,1.5,1759962551
22,96,1.5,1754655678
22,22,2.0,1754771969
22,57,1.5,1756877902
22,45,3.5,1761150199
22,82,5.0,1753143569
22,6,3.0,1757207258
22,46,2.0,1759318933
22,97,3.5,1753704190
22,36,2.5,1760203571
22,8,2.5,1759909728
22,10,2.5,1753951383
22,52,1.0,1756184857
22,47,5.0,1752638474
22,66,3.5,1754397927
22,21,5.0,1760062496
22,4,1.5,1761136625
22,19,3.0,1755559680
22,80,4.5,1753419986
22,39,4.0,1755370541
22,44,1.5,1760137061
23,83,5.0,1757474156
23,10,1.5,1758035236
23,58,2.5,1752998110
23,60,3.0,1760139686
23,88,3.0,1753289419
23,67,1.5,1753807917
23,45,2.0,1752310797
23,17,2.0,1759367426
23,71,3.5,1752783754
23,82,1.0,1761763667
23,76,1.5,1761476973
23,24,3.0,1758702918
23,93,4.0,1761731582
23,56,4.5,1753086424
23,65,3.0,1757171397
23,8,4.5,1758131326
23,16,4.0,1757249583
23,95,4.5,1761015411
23,20,1.0,1759587546
23,39,4.5,1755266720
23,22,4.5,1754447649
23,21,2.5,1756532211
23,42,2.0,1756995431
23,29,3.5,1756445339
23,94,4.0,1760045804
24,48,3.5,1761423347
24,66,1.0,1757519319
24,72,4.5,1754344558
24,14,3.0,1753235519
24,41,1.0,1760436194
24,31,4.0,1759992640
24,60,3.0,1756102965
24,16,4.0,1756100285
24,35,1.0,1755519051
24,58,1.0,1752671957
24,32,5.0,1758973921
24,19,3.5,1752958155
24,13,3.0,1761006037
24,7,4.0,1753779692
24,38,4.5,1753014624
24,50,3.0,1760246377
24,79,2.0,1760617649
24,54,4.0,1755978466
24,90,3.5,1752880830
24,21,3.5,1759819291
24,42,2.5,1753698037
24,74,4.0,1753849780
24,96,1.0,1761479631
24,25,1.0,1759940607
24,81,3.5,1754291588
24,64,5.0,1754572700
24,99,2.0,1753590944
24,94,2.0,1756737342
24,75,3.5,1759513364
24,40,4.0,1757219376
24,98,3.5,1753728362
24,3,5.0,1753308515
24,12,4.5,1752795394
24,51,3.0,1754272320
24,65,1.0,1756059677
24,59,3.5,1760400836
24,95,4.0,1752446799
24,97,3.0,1761792630
24,86,4.5,1757784834
25,100,5.0,1755917625
25,75,3.5,1759334177
25,74,4.5,1753295308
25,30,3.5,1753074752
25,93,3.5,1757804434
25,7,4.5,1759014038
25,99,2.5,1757558745
25,62,5.0,1757231711
25,22,2.5,1757246552
25,68,3.0,1758762151
25,81,4.5,1756920634
25,80,4.5,1756387749
25,49,5.0,1757651839
25,19,3.0,1760194987
25,32,5.0,1755869484
25,5,4.0,1756449297
25,98,2.0,1757366709
25,15,1.0,1757414059
25,25,1.5,1756428680
25,3,4.5,1757937280
25,57,4.5,1758649593
25,41,2.5,1753203857
25,54,3.0,1752810598
25,20,3.0,1759936637
25,53,1.5,1752394313
25,27,2.5,1758171925
25,76,1.0,1753330298
25,65,2.5,1758333346
25,61,1.0,1760558653
25,8,4.0,1756698288
25,18,4.5,1760552832
25,67,2.0,1762152765
25,94,5.0,1759589884
25,42,4.0,1754258780
25,96,4.5,1758893380
26,37,4.5,1757923507
26,42,2.0,1762003402
26,100,3.5,1757290010
26,83,2.5,1759295379
26,8,4.0,1755064026
26,12,5.0,1756737999
26,84,1.5,1755514830
26,74,1.5,1759139581
26,30,2.0,1754229345
26,69,3.5,1758078156
26,5,1.0,1757864445
26,23,4.0,1758288305
26,54,4.5,1757760274
26,89,3.5,1757173885
26,90,1.0,1757851562
26,51,3.5,1758275196
26,64,1.0,1760256212
26,24,4.5,1757092339
26,38,2.0,1755437933
26,86,5.0,1757022351
26,2,1.5,1757289786
26,39,3.5,1758534460
26,73,2.5,1759998783
26,14,4.5,1759669668
26,43,4.5,1755971311
26,98,4.0,1753025070
26,59,4.5,1753221645
26,70,2.5,1758087915
26,68,1.5,1753423157
26,94,4.5,1753378421
26,18,3.5,1760929349
26,65,1.5,1761203567
26,60,5.0,1753759030
26,35,2.5,1752631356
26,25,5.0,1759725590
26,15,2.0,1756734795
26,76,5.0,1754826841
26,11,1.5,1758793630
26,47,4.5,1760713948
27,58,2.0,1759967576
27,8,4.0,1755957284
27,59,4.0,1754714491
27,17,4.0,1755937409
27,66,1.5,1753191738
27,54,2.0,1756405085
27,98,1.5,1759245405
27,73,5.0,1755645266
27,99,5.0,1760103166
27,72,2.5,1762181423
27,60,1.0,1757233995
27,87,4.5,1753105418
27,40,4.0,1753315330
27,3,4.0,1758386572
27,51,2.5,1754511686
27,33,3.5,1759637191
27,1,3.0,1759077518
27,28,1.5,1761699179
27,75,4.0,1761977203
27,10,2.5,1758782220
27,6,1.5,1760546930
27,55,1.0,1754749657
27,45,1.0,1758133738
27,9,1.0,1755490803
27,70,4.5,1758308135
27,92,5.0,1758594523
27,77,1.0,1759888611
27,61,5.0,1757386660
27,5,2.5,1752574168
27,37,3.5,1752551276
27,53,3.5,1758265105
28,19,3.0,1755923742
28,85,2.0,1753214757
28,67,4.5,1758196920
28,29,2.5,1757194176
28,53,2.0,1754471422
28,39,1.0,1752804425
28,36,4.0,1755251853
28,8,5.0,1753347908
28,72,2.0,1755723105
28,76,2.5,1757961578
28,23,2.5,1756698802
28,81,1.5,1754693525
28,87,3.5,1760688407
28,55,5.0,1759043944
28,92,1.0,1757735657
28,64,4.0,1761576198
28,7,1.5,1759082839
28,45,5.0,1758598762
28,49,4.5,1758735118
28,68,3.5,1757153045
28,41,1.0,1758686151
28,54,2.5,1760271456
28,96,4.5,1758169657
28,20,2.5,1755585314
29,71,2.5,1759791519
29,42,1.0,1757864632
29,37,5.0,1752441266
29,49,4.0,1757287191
29,60,2.0,1758948144
29,69,3.5,1758380623
29,84,4.0,1752680214
29,46,2.5,1753862807
29,40,5.0,1756576307
29,34,3.0,1754041994
29,47,4.5,1754508268
29,66,2.0,1756331160
29,64,2.0,1759891581
29,96,5.0,1754047107
29,13,2.0,1753144148
29,61,1.0,1753449367
29,41,1.0,1760992638
29,27,1.0,1762132593
29,48,4.0,1759932970
29,94,2.5,1761099383
29,53,2.0,1762086327
29,6,2.5,1753754905
30,48,2.5,1753407230
30,8,3.0,1756293161
30,80,3.0,1755580878
30,82,1.5,1755980929
30,86,4.0,1754538991
30,79,2.5,1758450440
30,62,3.0,1760887168
30,85,1.0,1760671017
30,63,4.0,1755876701
30,3,4.0,1752966904
30,1,4.5,1761298243
30,69,1.0,1759364356
30,71,1.5,1753853463
30,53,4.0,1756681897
30,2,1.5,1753378655
30,91,1.0,1758384853
30,68,2.5,1752730635
30,36,4.5,1757691475
30,89,1.0,1760992342
30,37,3.0,1753129152
30,93,1.0,1759230626
30,65,3.5,1761976996
30,56,2.5,1752390864
30,23,2.0,1755557397
30,14,1.5,1757218662
30,13,2.0,1752778047
30,84,2.5,1752732116
30,20,4.0,1753170563
30,31,3.5,1755799825
31,95,2.0,1755702923
31,18,3.5,1756188150
31,89,1.5,1760704237
31,93,1.0,1757067826
31,11,4.5,1756201282
31,65,3.0,1760524537
31,45,2.0,1760775091
31,7,2.0,1755009059
31,13,4.5,1752895037
31,56,5.0,1753642365
31,30,4.0,1760506728
31,10,1.0,1760736141
31,44,3.5,1752941430
31,78,1.5,1756796658
31,79,4.0,1762032654
31,77,3.0,1755297115
31,51,4.0,1760818673
31,42,5.0,1758167152
31,4,5.0,1759394566
31,35,4.0,1759395928
31,58,2.0,1757727984
31,63,3.0,1757736577
31,90,4.5,1759791315
31,46,1.5,1759434421
31,71,4.0,1757609824
31,49,4.0,1757210687
31,91,4.5,1760949169
31,24,3.5,1758016875
31,75,2.5,1753921511
31,96,2.5,1754558052
31,38,1.5,1759966558
31,32,3.0,1762126158
31,98,4.0,1756666016
31,76,4.0,1756710903
31,81,4.5,1756623754
31,20,4.0,1752267437
31,72,2.0,1757199228
31,85,3.5,1758869967
31,84,4.5,1756968575
32,51,5.0,1761788118
32,41,4.5,1758722379
32,38,4.5,1757351969
32,95,1.5,1755375439
32,89,4.5,1759904657
32,82,3.0,1758179254
32,63,3.0,1759653601
32,74,4.0,1755914839
32,32,1.5,1754705606
32,42,4.5,1752471262
32,49,4.0,1753274498
32,36,5.0,1755221774
32,47,5.0,1761622878
32,15,3.5,1753231908
32,73,1.5,1760404781
32,26,2.5,1756283636
32,76,2.0,1761496520
32,70,4.0,1756676426
32,24,4.0,1760462241
32,88,1.0,1760585352
33,29,1.5,1760292375
33,66,2.0,1756395710
33,96,3.0,1756483992
33,67,4.5,1758769038
33,72,5.0,1754137542
33,75,3.5,1754251014
33,89,1.5,1754888491
33,74,4.5,1756889282
33,100,1.5,1757202100
33,58,1.0,1760308885
33,48,1.0,1756483803
33,51,1.5,1759482291
33,60,2.5,1753582754
33,87,2.0,1752980177
33,76,2.0,1756686611
33,65,5.0,1755086404
33,20,4.5,1758349805
33,45,4.0,1759145108
33,4,2.0,1754989682
33,62,4.0,1761749930
33,14,2.5,1754697078
33,38,4.0,1755716114
33,54,1.0,1758636015
34,36,4.0,1752391391
34,97,1.5,1756402489
34,91,3.5,1754558070
34,9,2.0,1757249399
34,74,1.5,1759992425
34,14,3.5,1760262305
34,69,2.5,1757116269
34,24,1.5,1759168718
34,47,3.5,1759868093
34,42,5.0,1755722363
34,26,4.0,1759926666
34,59,4.0,1755142282
34,15,2.0,1754074724
34,34,5.0,1759333298
34,86,5.0,1759440157
34,63,4.5,1757393852
34,68,2.0,1759100702
34,82,3.5,1754673155
34,41,1.0,1756216018
34,77,1.0,1754109307
34,50,2.0,1758965983
35,72,5.0,1760340330
35,65,1.5,1757745265
35,84,5.0,1756084776
35,64,5.0,1761541587
35,53,4.5,1753073409
35,88,2.5,1755106783
35,63,1.5,1758086804
35,54,3.0,1761698959
35,91,4.5,1757830388
35,57,3.5,1760780363
35,94,4.5,1760270285
35,22,2.5,1758718524
35,11,3.5,1755056244
35,73,2.0,1759903720
35,4,2.5,1758767773
35,29,1.0,1752675435
35,38,3.5,1753309506
35,5,3.0,1753200659
35,36,2.0,1756809689
35,85,3.0,1757385489
35,69,3.0,1753609244
35,37,1.5,1759964891
35,89,4.0,1761245043
35,59,3.0,1760110865
35,87,2.0,1758050806
35,97,2.0,1756835809
35,71,2.5,1755651270
36,19,3.0,1756822917
36,74,3.0,1756573104
36,81,5.0,1752543578
36,35,2.0,1752741407
36,98,4.5,1756472702
36,54,1.0,1761468901
36,49,1.5,1754529193
36,58,1.0,1760155342
36,10,2.0,1754836146
36,82,4.5,1762228355
36,12,4.0,1758845359
36,52,2.0,1757175233
36,66,2.0,1757642412
36,36,1.5,1756192593
36,48,3.0,1760856908
36,59,3.5,1759462645
36,63,1.0,1755590187
36,42,3.0,1758311414
36,75,4.0,1760709627
36,1,1.5,1762221470
36,90,2.5,1754240206
36,85,1.5,1760013362
36,46,2.5,1753524867
36,9,4.5,1762083886
36,69,1.0,1756475478
36,51,1.5,1755154443
36,28,2.0,1754225215
36,55,1.5,1758398604
36,99,4.0,1760740969
36,64,1.5,1760508261
37,48,1.5,1759890665
37,39,1.5,1752348287
37,18,4.0,1756341906
37,49,4.0,1756963200
37,98,2.0,1758082530
37,83,3.0,1760826237
37,87,2.5,1752955241
37,19,3.0,1761789657
37,9,3.0,1758792888
37,68,5.0,1753691325
37,73,2.5,1755667204
37,2,3.0,1761324177
37,79,2.5,1753936857
37,84,4.0,1760348171
37,22,2.5,1753858091
37,57,1.5,1753376519
37,45,1.0,1756181473
37,28,3.5,1760025390
37,81,4.0,1752703855
37,20,4.0,1756109092
37,53,5.0,1759341091
37,88,4.5,1761015096
37,85,1.0,1752385371
37,95,1.5,1762008280
37,12,3.0,1758620130
38,8,3.0,1760837169
38,51,3.0,1760913934
38,65,5.0,1758830607
38,37,2.0,1753240562
38,81,3.5,1755684309
38,92,1.5,1757035915
38,99,4.0,1758236024
38,54,1.0,1758138006
38,55,1.5,1754950270
38,90,1.5,1754633378
38,52,1.0,1757050669
38,11,2.0,1760235774
38,82,1.0,1759937664
38,69,1.0,1759491040
38,79,4.5,1756422949
38,20,5.0,1753562136
39,93,4.0,1759721693
39,34,2.0,1761646393
39,22,5.0,1755203846
39,48,2.5,1756840754
39,17,2.5,1755256069
39,35,3.5,1757688742
39,94,1.5,1752650913
39,16,3.5,1760236480
39,4,5.0,1761356003
39,43,2.0,1758495272
39,55,5.0,1761469142
39,95,4.0,1761083302
39,68,4.5,1757503372
39,9,3.0,1756748497
39,99,1.5,1752960362
39,74,4.5,1762105995
39,81,3.5,1758872992
39,10,3.0,1752780588
39,64,3.0,1758169811
39,59,4.5,1756061089
39,66,4.5,1758961051
39,47,5.0,1758127149
39,8,2.0,1762132692
39,82,4.0,1761838548
39,73,2.5,1753154075
39,98,3.5,1762078721
39,97,3.5,1762215167
39,21,4.0,1757080523
39,33,1.5,1758797105
39,14,5.0,1758243906
39,15,4.0,1753984821
39,30,1.0,1759851065
39,80,3.0,1760678967
39,1,1.0,1758356230
39,6,5.0,1755309752
39,2,3.5,1754548046
39,32,1.5,1752495981
39,3,1.5,1753760025
39,31,2.0,1755623579
39,24,1.5,1752309332
40,8,4.5,1757793600
40,56,1.5,1760722685
40,85,2.0,1757135815
40,17,1.0,1758632245
40,31,3.5,1759751235
40,38,1.5,1758075275
40,34,3.5,1755591817
40,41,5.0,1761418440
40,51,3.0,1757874821
40,90,2.0,1761718225
40,42,4.0,1754653019
40,93,5.0,1753010198
40,58,2.5,1760650469
40,35,4.5,1760529974
40,30,2.0,1760202048
40,10,1.0,1761205058
40,26,2.5,1760046658
40,18,2.5,1755519048
40,75,3.5,1760829748
40,14,3.0,1760981619
40,20,1.0,1761158034
40,81,2.5,1754800152
40,22,2.0,1760696550
40,88,3.5,1760184022
40,60,1.0,1754505484
40,89,1.0,1759421304
40,53,4.0,1755612717
40,16,4.5,1761745065
40,69,4.0,1755081461
40,46,2.0,1756301513
40,27,2.5,1759099821
40,77,3.0,1757544515
40,40,4.5,1759746074
41,79,5.0,1758059690
41,80,5.0,1761912037
41,32,4.0,1756214794
41,83,4.5,1753104203
41,38,4.5,1756467761
41,64,5.0,1756844069
41,53,4.0,1757702538
41,71,2.0,1761802431
41,62,3.5,1758565146
41,8,1.0,1757526427
41,12,1.0,1754326145
41,36,5.0,1756242967
41,50,2.5,1759561636
41,18,1.5,1758081344
41,54,2.5,1757768114
41,26,5.0,1761301704
42,29,3.5,1761240512
42,74,1.0,1759761499
42,50,2.0,1760378757
42,46,5.0,1756117860
42,23,1.5,1755971882
42,96,4.0,1752407967
42,31,1.5,1756593138
42,76,3.0,1756827312
42,41,2.0,1759597219
42,90,4.0,1754065836
42,97,3.5,1759317060
42,93,5.0,1756253156
42,4,2.5,1752358752
42,91,2.0,1755891464
42,73,3.0,1757298516
42,86,2.0,1759258245
42,19,1.0,1752629122
42,85,4.0,1752718915
42,25,1.0,1759184871
42,64,3.5,1758533688
42,70,1.5,1753915092
42,40,2.0,1756683611
42,95,1.5,1758246786
42,63,3.5,1756879062
42,5,2.0,1760751120
42,12,3.5,1754746489
42,8,1.0,1757790169
42,30,2.5,1758053095
42,100,1.5,1756359597
42,3,3.0,1760427176
42,68,1.0,1761431915
42,62,4.0,1754887582
42,1,4.0,1759449000
42,43,4.0,1753967152
42,26,4.0,1756347014
42,17,5.0,1755942408
42,44,1.5,1754195201
42,87,2.5,1759510772
42,75,4.5,1761003057
43,5,4.5,1759662884
43,38,1.0,1756185991
43,3,1.0,1755065658
43,41,1.5,1757297976
43,34,4.5,1758889708
43,14,1.5,1761807922
43,10,2.5,1759373607
43,44,3.0,1760865036
43,22,4.5,1760301777
43,49,3.0,1755571300
43,21,4.5,1754034013
43,94,3.0,1760710672
43,71,5.0,1755738069
43,12,2.0,1756015004
43,93,4.0,1756042164
43,77,2.0,1754760827
43,79,1.0,1757822322
43,62,4.5,1754437318
43,4,3.0,1758443980
43,56,3.0,1752773209
43,92,1.0,1759704144
43,78,1.5,1760801765
43,81,3.5,1753155689
43,90,4.0,1752345728
43,7,2.5,1752951797
43,13,1.0,1755745133
43,43,5.0,1755216215
43,27,5.0,1754273464
43,25,2.5,1754249340
43,53,3.0,1760915050
43,70,4.0,1761657048
43,96,5.0,1752656215
43,37,5.0,1752651761
43,39,2.0,1760221701
43,31,4.5,1759339268
43,75,2.0,1758684769
43,76,2.5,1760122646
43,26,1.0,1755136643
43,68,1.5,1754935009
43,36,2.5,1759758710
44,34,4.0,1754092935
44,41,4.5,1761611126
44,94,2.0,1757619013
44,9,4.0,1759826248
44,12,4.0,1761589033
44,50,4.0,1756678148
44,72,2.5,1761412730
44,51,4.5,1757733598
44,71,3.5,1761900244
44,42,3.5,1757155277
44,36,3.0,1757536259
44,67,4.5,1760591881
44,59,2.5,1759985081
44,2,3.0,1754805533
44,80,3.5,1757719578
44,76,4.0,1760741711
44,89,2.5,1754828921
44,54,2.5,1755408510
44,15,4.5,1753574240
44,83,3.5,1761296718
44,20,5.0,1759572580
44,19,1.5,1757019916
44,73,5.0,1755472016
44,85,2.0,1753443632
44,75,1.0,1759324866
44,13,2.5,1758872059
44,14,1.0,1758053943
44,78,1.0,1754581758
44,77,1.0,1756193605
44,37,2.5,1757643116
44,69,3.5,1754451402
44,45,5.0,1755580109
44,53,1.5,1761726930
44,100,2.5,1755990740
45,77,1.0,1758485457
45,58,3.0,1757114932
45,23,3.0,1755129397
45,61,4.0,1756389326
45,76,4.5,1758011859
45,71,2.5,1754409802
45,45,3.0,1753504841
45,94,4.0,1752433628
45,21,1.5,1762116424
45,34,5.0,1755961162
45,89,5.0,1752277845
45,12,3.0,1757232100
45,37,1.5,1754157466
45,4,1.5,1756597792
45,50,3.0,1756784801
45,7,3.0,1757858377
45,92,3.0,1759079538
45,74,2.0,1753560949
45,28,2.5,1761287175
45,29,4.0,1756877937
45,81,2.0,1761812627
45,27,4.5,1757280273
45,35,3.0,1755217329
45,53,4.0,1755725523
45,66,1.0,1752458181
45,3,2.5,1756482308
45,2,2.5,1753270007
45,97,4.5,1756225112
45,17,5.0,1757203262
45,98,2.0,1752873847
46,38,3.0,1752415449
46,13,3.0,1754459083
46,61,1.5,1754345402
46,17,1.0,1752448938
46,95,1.5,1754317164
46,34,2.5,1753843078
46,93,1.5,1755836349
46,72,5.0,1757234117
46,98,4.0,1761332686
46,24,2.0,1759935089
46,88,2.5,1756490649
46,43,4.0,1752686689
46,84,4.5,1759836793
46,12,3.5,1759213811
46,29,1.5,1754059446
46,46,3.5,1759273077
46,96,3.5,1761266389
46,40,1.0,1754655501
46,54,3.0,1758726842
46,48,2.0,1752571340
47,21,4.5,1753510704
47,63,5.0,1756571762
47,98,4.0,1759995081
47,12,3.5,1754015862
47,17,3.5,1759078431
47,79,2.0,1755471907
47,56,1.0,1758407473
47,82,2.5,1760038428
47,55,2.5,1761872052
47,52,5.0,1759404602
47,92,1.5,1756089312
47,62,1.0,1755945011
47,50,3.0,1753268357
47,1,1.0,1752275303
47,5,1.0,1760425853
47,69,1.0,1761430446
47,26,1.5,1755247362
47,48,4.5,1755860096
47,2,1.5,1753057821
47,42,3.0,1754280646
47,68,2.0,1758792063
47,25,1.0,1757187800
47,3,4.0,1760545535
47,87,5.0,1757710231
47,32,2.0,1755212965
47,29,1.5,1753656727
47,45,1.5,1757496663
47,40,1.5,1760456886
47,96,4.5,1758906958
47,14,2.5,1757827390
47,88,5.0,1758856181
47,65,3.5,1755365127
47,73,3.0,1759549073
47,22,1.0,1753043453
47,9,4.5,1758755169
47,6,4.5,1756693087
47,39,2.5,1762193759
47,61,1.0,1760746476
47,19,1.5,1752607011
48,64,2.0,1760329911
48,20,4.0,1755524611
48,12,4.5,1757679093
48,66,4.0,1754216076
48,10,4.0,1759441613
48,93,1.5,1760016520
48,95,1.0,1759565484
48,13,1.5,1755259909
48,33,4.5,1752694409
48,83,4.5,1759198648
48,30,4.0,1756223404
48,59,1.0,1760047663
48,38,4.5,1754050354
48,34,1.5,1755339491
48,60,4.5,1761468408
48,7,1.5,1757850560
48,94,3.5,1762032326
48,23,5.0,1752565131
48,6,2.5,1756563953
48,88,5.0,1753463481
48,47,1.5,1754977713
48,41,2.5,1754154257
48,55,3.5,1755782537
48,15,2.0,1752872234
48,84,1.0,1762044327
48,82,2.0,1753757679
48,2,4.5,1753920966
48,18,2.0,1760983665
48,22,4.5,1756860353
48,43,2.5,1756688201
48,46,3.0,1761394951
48,57,5.0,1758503300
48,35,5.0,1755887211
48,98,4.0,1758297050
48,48,1.5,1754537366
48,44,4.5,1752625765
49,12,3.5,1752841924
49,64,4.5,1756144624
49,58,4.5,1760326701
49,41,1.5,1758519396
49,16,1.0,1756512673
49,99,3.5,1757341024
49,84,5.0,1753482239
49,3,3.5,1760455904
49,14,1.0,1759485625
49,52,4.5,1759883349
49,53,4.0,1760445179
49,5,3.0,1758952679
49,72,2.5,1760213917
49,71,4.0,1758622704
49,1,4.5,1759042314
49,100,3.5,1760431686
49,78,4.0,1761459549
49,80,1.5,1754681483
49,82,4.5,1752352611
49,39,5.0,1759980878
49,66,4.5,1762166922
49,88,5.0,1761424799
49,27,5.0,1754978342
49,59,4.5,1753711285
49,44,2.0,1752533164
49,47,2.0,1760085807
49,7,1.5,1755740108
49,29,3.5,1753782131
49,77,4.0,1755215667
50,89,1.0,1753469742
50,98,1.5,1761815699
50,32,4.0,1759801518
50,36,1.0,1761290025
50,51,2.5,1757760543
50,44,2.0,1757431085
50,38,3.0,1759783035
50,58,1.0,1757288058
50,18,2.5,1753160334
50,92,1.0,1756222003
50,53,4.5,1760520366
50,78,5.0,1758476442
50,66,5.0,1755715260
50,39,2.5,1753667842
50,71,3.0,1761451504
50,41,4.0,1755737607
50,86,4.0,1756994232
50,81,5.0,1761337044
50,28,1.0,1758022891
50,26,2.5,1754806318
50,27,2.5,1756070023
50,94,5.0,1758943491
50,45,2.5,1757304212
50,17,4.5,1759262983
50,23,1.5,1759102749
50,65,2.0,1753618776
50,70,1.5,1755911359
50,42,1.0,1755050527
50,15,3.0,1752901520
50,46,3.0,1760057541
50,62,2.0,1752442035
50,54,3.0,1762144986
50,37,3.5,1754415954
50,55,2.0,1761569604
51,42,1.5,1753764847
51,77,2.0,1755261527
51,7,5.0,1753229727
51,100,4.0,1760697105
51,81,3.5,1758528608
51,79,2.5,1756671614
51,85,3.5,1756186512
51,39,3.0,1758574792
51,63,5.0,1754272914
51,74,5.0,1762091994
51,71,1.5,1756434656
51,46,4.5,1758207327
51,10,2.5,1761570666
51,91,3.5,1755841325
51,41,1.5,1755765772
51,68,3.0,1753176017
51,29,3.0,1761825202
51,24,5.0,1755948943
51,67,5.0,1753704529
52,63,1.5,1761010797
52,6,1.0,1759253483
52,38,3.0,1752876596
52,84,1.5,1752593429
52,25,2.5,1757900303
52,42,4.0,1755729589
52,66,4.5,1755454184
52,11,4.0,1756931313
52,13,1.0,1755704939
52,22,1.5,1753266664
52,69,1.0,1761178745
52,90,1.0,1761021847
52,1,3.5,1753803491
52,81,1.5,1757377044
52,9,3.0,1760788379
52,27,3.0,1754896708
52,87,4.0,1755610795
52,28,1.0,1754287502
52,55,2.0,1753289592
52,14,2.5,1759951594
52,85,4.0,1753083958
52,89,3.0,1759822509
52,56,3.0,1755979604
52,10,1.0,1752953101
52,20,5.0,1759867836
52,4,1.5,1761538858
52,59,1.0,1752631072
52,43,4.0,1753227780
52,5,5.0,1760811504
53,27,3.0,1761109536
53,96,3.0,1760592133
53,95,2.5,1752498917
53,93,4.5,1756688938
53,45,3.5,1760088602
53,28,2.5,1760561218
53,53,3.0,1761068497
53,83,2.5,1756908132
53,66,4.5,1754679111
53,19,3.5,1757111312
53,21,2.0,1752751307
53,24,3.5,1756932506
53,29,4.0,1759410394
53,79,1.0,1756984823
53,33,2.5,1758523111
53,25,4.0,1757597778
53,15,3.5,1759986418
53,89,3.5,1754187404
53,73,4.5,1754767829
53,7,3.5,1757114729
53,71,4.5,1752984178
53,60,1.5,1759290762
53,80,1.5,1757531741
53,10,2.0,1753203184
54,34,2.5,1752347836
54,94,3.0,1759993541
54,81,4.5,1753832244
54,10,5.0,1760720451
54,3,4.0,1756135044
54,65,5.0,1762061997
54,4,2.5,1759457302
54,75,5.0,1759884666
54,52,4.5,1759568387
54,99,2.0,1752737798
54,76,2.0,1754127854
54,28,3.5,1761561563
54,5,2.5,1754058418
54,71,2.5,1761185060
54,70,3.0,1756041602
54,61,2.5,1761521489
54,84,2.5,1753551023
54,100,3.5,1755728574
54,20,4.5,1754612044
54,47,1.0,1761570206
54,51,3.5,1760507867
55,67,2.0,1759599677
55,82,3.5,1760254444
55,36,2.5,1755283632
55,95,3.5,1760338188
55,34,4.5,1754206519
55,75,4.5,1758704670
55,70,2.0,1755345951
55,73,1.0,1758151586
55,23,1.0,1760094139
55,49,2.0,1759979401
55,84,5.0,1761582182
55,91,2.0,1761301648
55,47,2.0,1757906818
55,76,2.0,1753571903
55,90,4.0,1752783978
55,10,1.0,1757484116
55,100,1.5,1758605861
55,33,4.5,1754330690
55,89,4.5,1759378060
55,29,2.5,1755348171
55,86,2.0,1752464515
55,52,2.0,1753669811
55,46,3.0,1759425792
55,45,3.5,1754631729
55,63,1.5,1758384060
55,62,4.0,1755772718
55,1,2.0,1760418191
55,65,1.0,1758844850
55,18,5.0,1753777947
55,57,4.0,1759730475
55,22,1.5,1759263045
55,30,4.5,1761584771
55,85,5.0,1753795233
55,66,1.5,1760676227
55,98,4.5,1760053140
55,28,5.0,1762219559
55,20,4.0,1753481247
56,48,1.5,1753519539
56,6,1.0,1755947738
56,90,2.5,1756939744
56,68,4.0,1756161817
56,55,1.5,1759642942
56,30,4.0,1752418813
56,62,3.0,1757855760
56,49,5.0,1755133512
56,45,3.5,1757616557
56,76,4.0,1758822283
56,98,4.0,1752976912
56,74,5.0,1754145230
56,13,2.0,1756028553
56,96,5.0,1752929828
56,18,4.5,1757982013
56,33,3.0,1752548317
56,94,3.5,1755560187
56,95,2.0,1760241768
56,11,2.5,1754747077
56,37,2.0,1760557299
56,77,2.5,1753711106
56,70,4.0,1756561651
56,53,5.0,1761366394
56,85,2.0,1755711619
56,25,1.0,1760711483
56,1,2.0,1754326409
56,75,4.0,1760760940
56,67,1.5,1757825744
57,48,1.0,1753674124
57,11,5.0,1758352902
57,78,2.0,1761634690
57,5,3.5,1758225635
57,93,1.0,1759598211
57,50,1.5,1757610243
57,52,4.0,1756315196
57,79,4.0,1755437357
57,84,2.5,1753553414
57,67,1.0,1761088490
57,37,1.5,1753019061
57,77,3.0,1752859321
57,8,3.5,1756410031
57,23,3.0,1758443087
57,82,2.5,1754610105
57,64,4.0,1752594361
57,57,1.0,1757859038
57,2,2.0,1755409110
57,26,5.0,1760453510
57,91,5.0,1761025260
57,90,5.0,1757302969
57,25,3.5,1760276610
58,66,2.5,1752614395
58,33,3.0,1759173081
58,69,2.5,1753867876
58,74,2.5,1758299376
58,99,2.5,1757786932
58,89,2.5,1758394231
58,57,2.5,1758050501
58,49,3.5,1759622524
58,73,1.5,1760228468
58,62,1.5,1753974151
58,32,1.0,1753155270
58,44,1.0,1754148177
58,59,3.5,1756947878
58,88,4.5,1752600860
58,76,3.0,1754005348
58,4,2.0,1753664296
58,91,3.0,1755564385
58,15,2.5,1752564859
58,34,2.0,1761331240
58,9,5.0,1755139983
58,93,4.5,1753167115
58,29,1.0,1753809560
58,30,3.5,1755634222
58,41,2.0,1754569219
58,53,1.5,1753545656
58,46,4.5,1756943946
58,67,1.0,1762041389
58,98,2.5,1755873950
58,2,1.5,1756779782
58,82,3.5,1757882640
58,90,2.0,1753036329
58,37,3.0,1758261161
58,12,3.0,1754331833
58,52,3.5,1756100507
58,95,2.0,1753871723
58,10,4.0,1758707547
58,23,4.0,1755993376
58,31,3.5,1755518867
58,21,3.0,1754677718
58,64,2.0,1752653031
59,74,2.0,1753565758
59,88,5.0,1756942671
59,30,4.5,1757205957
59,13,3.0,1752808577
59,93,1.0,1755555621
59,35,1.5,1759499273
59,31,1.0,1758624754
59,72,3.0,1754244691
59,56,1.5,1754692384
59,49,3.5,1757881493
59,26,3.5,1756194754
59,19,5.0,1752886540
59,95,3.0,1756465980
59,20,1.0,1755331494
59,61,1.5,1756349375
59,2,2.5,1752561695
59,23,5.0,1759311420
59,54,3.0,1756281954
59,64,3.5,1753675857
60,100,3.5,1752392816
60,95,5.0,1754685105
60,58,4.0,1759432563
60,11,2.0,1761852123
60,49,2.0,1758303304
60,79,3.0,1760896432
60,37,2.5,1759439403
60,60,4.0,1760511486
60,81,1.5,1761169437
60,19,4.5,1753038504
60,22,1.0,1761797366
60,82,4.0,1753448723
60,44,1.5,1760496066
60,54,3.0,1759634624
60,92,1.5,1755699161
60,99,3.0,1758391741
60,74,2.5,1757472025
60,52,4.5,1760118859
60,10,2.0,1753402426
60,97,2.0,1761760349
60,21,1.0,1756252893
60,88,3.5,1754251145
60,30,4.5,1753170198
60,41,3.0,1753036633
60,77,4.5,1759972844
60,38,5.0,1759269514
60,35,4.5,1752777606
60,51,4.0,1753457497
60,84,5.0,1757044441
60,57,3.5,1754158921
61,30,2.5,1759500488
61,12,4.0,1755891901
61,57,2.5,1757827619
61,40,1.5,1755155694
61,47,2.5,1753572417
61,53,3.0,1757463610
61,34,5.0,1757729610
61,20,4.0,1759085568
61,39,1.5,1759179411
61,2,2.0,1757381093
61,1,1.5,1754600307
61,67,4.5,1757674042
61,18,4.5,1759089111
61,45,3.5,1761914295
61,37,2.0,1761407008
61,61,5.0,1761868401
61,69,2.0,1760523831
61,91,3.0,1757723351
61,63,2.0,1754884285
61,62,1.0,1758333783
61,92,1.5,1759711643
61,83,1.0,1753958805
61,56,2.5,1756503350
61,38,4.0,1757012306
61,100,4.5,1756008686
61,90,4.5,1761707235
61,71,3.5,1760893775
61,48,2.0,1761299528
61,25,3.0,1755655951
61,95,1.5,1753126447
61,78,4.5,1759192890
61,51,2.5,1758044058
62,2,2.5,1756192740
62,16,1.0,1758585815
62,92,1.5,1758280846
62,32,4.0,1756795263
62,50,1.0,1759431855
62,57,3.0,1752430110
62,97,1.5,1755599134
62,5,2.5,1762089877
62,26,1.0,1752490841
62,59,4.5,1759639362
62,13,3.5,1760738472
62,67,2.5,1759593954
62,86,4.5,1760706232
62,27,3.5,1761232184
62,61,1.0,1756275099
62,96,2.0,1753241180
62,40,1.5,1760128661
62,42,4.5,1758336063
62,21,3.5,1752872130
62,81,3.5,1754879214
62,6,2.5,1761881454
62,71,4.0,1756230642
62,89,2.0,1758033711
62,99,1.0,1754097677
62,33,4.5,1752860816
62,62,3.0,1753134129
62,39,4.5,1759055785
63,24,5.0,1759653798
63,70,3.0,1756827365
63,45,4.0,1756837028
63,42,1.5,1760624783
63,94,5.0,1761120993
63,60,1.0,1760062445
63,36,2.0,1761715009
63,77,2.5,1760443608
63,71,4.5,1759024902
63,21,1.5,1761705892
63,9,4.0,1754020376
63,68,5.0,1752336090
63,20,3.0,1761416175
63,58,3.5,1758536582
63,38,1.5,1762020147
63,34,2.5,1753995279
63,99,1.5,1754386966
63,47,1.0,1756184361
63,59,5.0,1755261159
63,1,3.5,1761261583
63,65,3.0,1753364199
63,49,1.0,1761058779
63,100,3.0,1760932157
63,3,2.5,1753524179
63,83,1.5,1760541420
63,31,2.5,1753319903
63,97,4.0,1759061077
63,90,2.5,1753411658
63,69,2.5,1752676218
63,50,2.0,1752870904
63,25,5.0,1755274054
63,89,1.5,1752566562
63,64,3.5,1754543641
64,86,1.0,1753555651
64,55,2.0,1757175633
64,14,1.0,1757200928
64,22,2.5,1758635567
64,24,3.5,1761875607
64,71,3.0,1752950769
64,52,5.0,1752906143
64,65,2.0,1760657820
64,44,1.0,1754515972
64,85,3.5,1759620653
64,21,2.0,1757793932
64,69,3.5,1752472743
64,77,2.5,1758330702
64,57,3.0,1757201457
64,46,1.5,1752668509
64,41,4.0,1752692370
64,95,2.5,1760944468
64,42,3.5,1754144132
64,48,2.0,1754047777
64,53,1.5,1752253373
64,56,3.0,1761612704
64,83,4.0,1760923063
64,78,1.0,1756629568
64,31,3.5,1754953277
64,73,4.0,1760217361
64,70,2.5,1762047858
64,28,4.0,1761331579
64,49,3.0,1753442003
64,84,1.0,1756882453
64,33,5.0,1752762030
64,47,2.0,1756756371
64,58,5.0,1758535334
64,89,2.0,1761392114
64,51,4.0,1754763496
64,1,5.0,1760728354
64,5,2.5,1754993017
64,37,3.0,1755624063
65,17,4.5,1755607347
65,44,2.5,1752824865
65,11,5.0,1758108376
65,61,2.5,1761037709
65,74,3.0,1755024390
65,96,3.5,1752575713
65,7,1.5,1760351758
65,71,4.0,1755133863
65,52,3.5,1756396059
65,34,2.5,1756858599
65,65,3.5,1752276090
65,56,1.0,1757125684
65,100,2.0,1756372428
65,90,4.5,1759793267
65,98,4.5,1761486775
65,18,2.5,1758889534
65,62,3.5,1759622597
65,72,1.5,1760354411
65,26,1.0,1758162022
66,19,4.5,1762099871
66,37,1.5,1755719312
66,2,3.0,1756196221
66,44,1.5,1761919614
66,89,3.0,1755754912
66,15,2.5,1755852589
66,40,5.0,1760568623
66,58,3.5,1754108414
66,61,5.0,1760762954
66,3,2.0,1758903123
66,43,5.0,1754555961
66,27,5.0,1761879179
66,69,1.0,1758089144
66,28,5.0,1757123861
66,96,3.5,1754019986
66,70,4.0,1759605584
66,67,1.0,1756421694
66,34,3.5,1756277440
66,71,3.0,1758276837
66,62,5.0,1757611226
66,80,1.0,1757916553
66,100,4.0,1761745340
66,91,5.0,1757538823
66,49,2.5,1759694455
66,75,3.5,1755648823
66,68,2.0,1760766740
66,6,4.0,1753503500
66,33,2.5,1755238004
66,22,2.5,1752628053
66,8,2.0,1755084800
66,99,3.0,1756715214
66,26,4.5,1753142523
66,35,2.0,1758770884
66,7,2.0,1752491618
67,88,2.0,1761800162
67,26,3.0,1752726291
67,18,2.5,1758344319
67,40,2.5,1761802070
67,89,3.5,1760906319
67,91,4.5,1759990095
67,68,5.0,1754375149
67,98,3.5,1759153082
67,56,4.0,1753994607
67,19,4.5,1759932615
67,84,2.0,1758997334
67,73,2.5,1761698973
67,21,4.0,1761987798
67,41,3.0,1755309967
67,9,2.5,1758836713
67,72,2.5,1761130112
67,69,2.0,1754869713
67,16,4.5,1756788851
67,24,4.5,1758099350
67,87,4.0,1755447158
67,95,1.0,1755858076
67,4,3.5,1755626944
67,81,5.0,1753427789
67,53,1.0,1753504653
67,77,1.5,1754662944
67,39,4.5,1761528075
67,57,2.5,1753537309
67,36,5.0,1755602441
67,20,1.0,1752883026
67,25,4.0,1753580527
67,14,1.0,1759054535
67,17,3.0,1754865205
68,39,4.5,1752335845
68,37,2.5,1754611377
68,60,1.5,1758044011
68,22,3.5,1759488332
68,55,1.5,1760709760
68,38,1.5,1754700041
68,79,3.5,1760808489
68,7,5.0,1755795779
68,89,5.0,1759557024
68,67,4.0,1753006424
68,19,4.0,1761503074
68,98,2.0,1756616088
68,83,2.0,1759519705
68,58,2.0,1759238809
68,12,1.0,1755200283
68,65,3.0,1757046840
68,15,4.5,1757394762
68,24,2.0,1760267467
68,75,2.0,1758836409
68,70,1.0,1757993198
68,18,1.0,1754544949
68,51,4.5,1753873867
68,53,5.0,1762143217
68,42,4.5,1758248759
68,87,2.5,1752360225
68,4,4.5,1754627227
68,23,4.0,1754826257
69,77,3.0,1756684573
69,1,1.5,1761417086
69,32,1.5,1755244319
69,71,2.0,1759532940
69,36,3.0,1752257772
69,80,5.0,1759263094
69,81,4.5,1752526253
69,72,3.5,1761638399
69,27,1.5,1757218367
69,7,3.5,1756056127
69,24,4.0,1761104437
69,19,4.0,1753004323
69,8,1.5,1757326778
69,84,4.5,1759982392
69,45,1.5,1757635716
69,5,3.5,1753397218
69,86,4.0,1753437593
70,90,2.0,1752800258
70,27,4.5,1753520479
70,79,4.5,1753976842
70,8,2.0,1758335274
70,14,3.0,1758992374
70,74,1.0,1760256509
70,94,1.0,1754440209
70,81,1.5,1758761261
70,68,4.0,1755293238
70,12,1.0,1756639591
70,62,3.5,1752837484
70,93,2.5,1762050159
70,89,2.5,1757514783
70,78,3.0,1761101595
70,91,3.0,1757201766
70,37,5.0,1753012334
70,55,3.5,1762136830
70,41,1.5,1756648136
70,34,3.5,1755595090
70,80,1.0,1759293128
70,46,2.5,1756694577
71,87,3.5,1761128825
71,62,2.0,1757534357
71,61,1.0,1756549662
71,5,4.0,1753276079
71,83,2.0,1752660213
71,18,4.0,1759095999
71,99,1.5,1757067592
71,20,3.5,1761709062
71,81,3.0,1755296116
71,59,1.5,1753900506
71,69,2.5,1756005558
71,43,4.5,1757162428
71,60,2.5,1753429972
71,53,3.0,1759303469
71,8,1.5,1755961398
71,67,1.0,1758849047
71,39,1.5,1754794402
71,73,5.0,1761821359
71,41,4.5,1753850176
71,72,2.0,1759048473
71,90,3.5,1754128382
71,3,5.0,1757032740
71,27,3.5,1759835604
71,74,1.5,1753580192
71,89,2.0,1758797227
72,5,5.0,1753615189
72,59,1.5,1758773902
72,50,5.0,1756362332
72,92,5.0,1756896405
72,67,3.0,1759864766
72,15,3.0,1752608182
72,1,2.5,1759366178
72,40,1.5,1757015647
72,6,3.5,1753170317
72,88,4.5,1761388651
72,77,2.0,1761753279
72,12,4.5,1761393184
72,43,1.5,1755803961
72,60,1.0,1760794849
72,97,4.0,1755664423
72,14,2.0,1752294896
72,96,4.5,1756273310
72,93,3.0,1756664088
72,3,2.5,1753289304
72,74,1.5,1754426624
72,83,2.0,1760680821
72,27,4.5,1760607893
72,42,4.5,1757032187
72,26,4.5,1754345246
72,25,2.5,1758485048
72,37,2.0,1757910289
72,36,3.5,1755661736
72,69,2.0,1756697712
72,41,3.5,1754634868
72,57,4.5,1761731948
72,16,1.5,1754264908
72,35,1.5,1756343497
72,20,4.5,1754501344
72,21,2.0,1757504203
72,81,3.5,1752598194
72,95,2.0,1753717714
72,2,1.5,1755433414
72,62,1.5,1756772509
73,84,4.5,1759283986
73,10,3.0,1755431607
73,39,1.5,1760415263
73,69,4.0,1756746697
73,60,4.5,1761208195
73,52,1.5,1758588776
73,76,2.0,1752496027
73,53,1.0,1759778053
73,31,2.0,1754640046
73,80,5.0,1757349082
73,32,4.0,1752543615
73,71,4.5,1758956954
73,21,2.5,1756928067
73,62,3.0,1752672045
73,50,3.0,1754946186
73,9,3.5,1760741701
73,44,1.0,1753676204
73,27,4.0,1760099666
73,94,3.0,1761192620
73,56,3.5,1753030931
73,81,1.0,1762225547
73,73,5.0,1756212571
73,100,1.5,1757505010
73,70,1.0,1758293004
73,92,4.0,1752338389
73,23,4.0,1756902405
73,99,4.0,1755427598
73,63,4.0,1754938418
73,15,5.0,1758696078
73,96,2.0,1754272675
73,42,2.0,1759081773
73,13,5.0,1755787261
74,54,5.0,1754689180
74,20,4.0,1756278629
74,37,2.5,1759122639
74,86,4.0,1762115041
74,17,4.5,1758267690
74,18,5.0,1757722423
74,2,4.0,1753076546
74,10,3.5,1761678298
74,83,1.0,1752707727
74,3,4.5,1756055973
74,19,1.5,1752504401
74,63,4.5,1760896459
74,85,2.0,1753408034
74,56,3.0,1754439358
74,95,5.0,1760927137
74,11,5.0,1760755812
74,97,2.5,1754313273
74,92,1.5,1753193467
74,100,3.0,1761354290
74,59,3.5,1753263327
74,78,1.0,1754373382
74,55,4.5,1753638636
74,24,4.5,1752610156
74,81,3.5,1755176217
74,66,3.5,1757296827
74,79,3.0,1759429375
75,89,1.0,1757427727
75,77,4.5,1760855405
75,96,2.0,1753757200
75,39,1.5,1757578166
75,94,3.0,1760016064
75,73,3.0,1757622319
75,34,3.0,1762001409
75,8,1.5,1759310161
75,81,2.0,1754746099
75,61,3.5,1759296982
75,75,3.0,1758276986
75,22,4.5,1759206221
75,74,5.0,1761684529
75,7,3.5,1760823674
75,85,2.0,1752248124
75,38,2.0,1753919064
76,53,1.0,1760606193
76,99,5.0,1756303445
76,50,4.0,1757666384
76,31,3.5,1757704376
76,85,3.0,1760590885
76,57,3.0,1752438835
76,93,4.0,1754503577
76,82,2.5,1752362541
76,22,2.5,1753516343
76,27,3.5,1759221195
76,74,3.5,1753052281
76,45,1.0,1762097489
76,7,1.5,1762039016
76,83,4.0,1760600582
76,34,5.0,1760496421
76,15,4.5,1756342229
76,88,2.5,1757486760
76,92,3.0,1759000358
76,60,1.0,1761842068
76,52,1.5,1761285375
76,61,2.5,1760196396
76,39,1.5,1760790373
76,80,2.0,1755932160
76,69,2.0,1760380024
76,30,2.0,1757989427
76,49,3.0,1754405481
76,98,1.5,1754632172
76,78,3.0,1755076103
76,86,3.5,1757922304
76,19,2.0,1760998231
76,68,3.0,1761193009
76,56,4.0,1755720230
76,2,3.5,1761232079
76,37,3.0,1757799356
76,58,2.0,1754848076
76,75,1.5,1753989973
76,41,2.5,1755652383
76,62,2.0,1753984344
76,72,1.5,1759825914
77,99,4.0,1761063618
77,56,5.0,1758450614
77,28,1.0,1755790133
77,79,4.5,1760206236
77,83,5.0,1756218045
77,14,3.5,1757159083
77,57,4.0,1761313683
77,92,1.5,1756110050
77,34,5.0,1756534389
77,95,1.5,1754528227
77,5,3.0,1758831899
77,10,2.0,1752937141
77,89,1.0,1755794499
77,74,2.5,1757225483
77,33,4.0,1760448425
77,58,3.5,1754077520
77,3,1.5,1754891548
77,64,2.5,1759891842
77,20,1.0,1759000137
77,1,1.0,1752291722
77,90,2.5,1754031735
77,50,4.0,1761182855
77,35,5.0,1757076828
77,82,4.5,1753281668
77,43,4.5,1761964242
77,51,1.0,1756547436
77,87,1.0,1756573718
77,81,1.0,1755436403
77,66,1.5,1758688325
77,63,5.0,1754549517
77,62,5.0,1759740668
77,100,2.5,1761031174
78,95,1.5,1754586188
78,19,2.0,1752323648
78,63,1.5,1760455754
78,84,1.5,1753899012
78,3,2.5,1761180884
78,61,2.5,1755089054
78,80,3.5,1755495110
78,6,3.5,1760212967
78,32,5.0,1759935690
78,90,3.5,1758662259
78,17,1.0,1752289376
78,2,2.0,1756610877
78,23,1.5,1760213922
78,81,3.0,1759870135
78,7,4.0,1759420270
78,40,3.5,1752955054
79,57,3.0,1755256645
79,32,4.5,1760110794
79,75,2.5,1759839080
79,6,3.0,1753463754
79,18,4.5,1755326957
79,13,2.5,1759311250
79,81,1.0,1759219789
79,79,4.5,1760762945
79,49,3.0,1756403681
79,100,4.0,1762163023
79,21,5.0,1758286329
79,3,2.5,1760268241
79,63,5.0,1760634387
79,11,3.5,1753184649
79,1,5.0,1758560852
79,23,4.5,1758748211
79,12,3.0,1761349345
79,91,2.5,1760349254
79,84,2.0,1754280369
79,76,4.5,1759281473
80,86,5.0,1760292446
80,6,1.5,1758292019
80,7,4.5,1752295728
80,83,3.5,1755208930
80,47,2.5,1756775609
80,37,2.5,1760391973
80,27,3.5,1758418147
80,56,1.5,1758261510
80,33,4.0,1758884993
80,43,4.0,1758537589
80,79,1.5,1754337790
80,98,4.5,1761328032
80,59,4.0,1759807984
80,14,2.5,1754606215
80,95,2.0,1755741371
80,69,3.5,1759951206
80,23,4.5,1758982316
80,21,3.5,1757714972
80,4,2.5,1756604374
80,63,2.0,1761701238
